{"name": "frWiki_no_phrase_no_postag_700_cbow_cut100", "stdScaler": {"mean": 22.940645080734072, "scale": 2.82355588003816}, "mmScaler": {"min": -8.124735832214355, "max": 13.903473854064941}}