{"name": "frWiki_no_phrase_no_postag_700_cbow_cut100", "stdScaler": {"mean": 0.006429591914251011, "scale": 0.04398508294623643}, "mmScaler": {"min": -12.460803031921387, "max": 22.588825225830078}}